﻿
<DynamicTemplateString>
	<StringID>com.fmi.calculation.text.02415B909995EF6B1A918C40CCAD8E58</StringID>
	<SourceText> the relative widths and assembles each segment in sequence. A background colour fills the <CR/></SourceText>
	<TargetText> the relative widths and assembles each segment in sequence. A background colour fills the <CR/></TargetText>
	<Comment>com.fmi.calculation.text. the relative widths and assembles each segment in sequence. A background colour fills the _CR/_</Comment>
</DynamicTemplateString>

<DynamicTemplateString>
	<StringID>com.fmi.calculation.text.04E88795162521AC10DF032ABDA1E97B</StringID>
	<SourceText>#e8deee</SourceText>
	<TargetText>#e8deee</TargetText>
	<Comment>com.fmi.calculation.text.#e8deee</Comment>
</DynamicTemplateString>

<DynamicTemplateString>
	<StringID>com.fmi.calculation.text.0F118FF62546E92F80BF117EF9CB9E69</StringID>
	<SourceText> segmentArray <CR/></SourceText>
	<TargetText> segmentArray <CR/></TargetText>
	<Comment>com.fmi.calculation.text. segmentArray _CR/_</Comment>
</DynamicTemplateString>

<DynamicTemplateString>
	<StringID>com.fmi.calculation.text.0FB122270860D13374996F21902B49E2</StringID>
	<SourceText>height</SourceText>
	<TargetText>height</TargetText>
	<Comment>com.fmi.calculation.text.height</Comment>
</DynamicTemplateString>

<DynamicTemplateString>
	<StringID>com.fmi.calculation.text.1832DA6FEA10328317130A399ED07BDA</StringID>
	<SourceText><TAB/>[ &quot;stack[:]percent&quot; ; 20 ; 2 ] ; <CR/></SourceText>
	<TargetText><TAB/>[ &quot;stack[:]percent&quot; ; 20 ; 2 ] ; <CR/></TargetText>
	<Comment>com.fmi.calculation.text._TAB/_[ &quot;stack[:]percent&quot; ; 20 ; 2 ] ; _CR/_</Comment>
</DynamicTemplateString>

<DynamicTemplateString>
	<StringID>com.fmi.calculation.text.20AEDC92E96221D65EDB56CC838A9C64</StringID>
	<SourceText> colorBackground<CR/></SourceText>
	<TargetText> colorBackground<CR/></TargetText>
	<Comment>com.fmi.calculation.text. colorBackground_CR/_</Comment>
</DynamicTemplateString>

<DynamicTemplateString>
	<StringID>com.fmi.calculation.text.250CB6DDF191439FBBAB3E2481A46D42</StringID>
	<SourceText>#211732</SourceText>
	<TargetText>#211732</TargetText>
	<Comment>com.fmi.calculation.text.#211732</Comment>
</DynamicTemplateString>

<DynamicTemplateString>
	<StringID>com.fmi.calculation.text.281A9CDA23792396EC3A1BCF6008D6F3</StringID>
	<SourceText><TAB/>[ &quot;stack[+]color&quot; ; &quot;#211732&quot; ; 1 ] ; <CR/></SourceText>
	<TargetText><TAB/>[ &quot;stack[+]color&quot; ; &quot;#211732&quot; ; 1 ] ; <CR/></TargetText>
	<Comment>com.fmi.calculation.text._TAB/_[ &quot;stack[+]color&quot; ; &quot;#211732&quot; ; 1 ] ; _CR/_</Comment>
</DynamicTemplateString>

<DynamicTemplateString>
	<StringID>com.fmi.calculation.text.2DAA25E4F364768A9650A154F9F3635A</StringID>
	<SourceText> GitHub : https://github.com/roxytheman/fmCustomFunctions/blob/c84842779eba9a9088a2e5a9beae4079af7e6b7a/functions/progressBarStacked.fmfn<CR/></SourceText>
	<TargetText> GitHub : https://github.com/roxytheman/fmCustomFunctions/blob/c84842779eba9a9088a2e5a9beae4079af7e6b7a/functions/progressBarStacked.fmfn<CR/></TargetText>
	<Comment>com.fmi.calculation.text. GitHub : https://github.com/roxytheman/fmCustomFunctions/blob/c84842779eba9a9088a2e5a9beae4079af7e6b7a/functions/progressBarStacked.fmfn_CR/_</Comment>
</DynamicTemplateString>

<DynamicTemplateString>
	<StringID>com.fmi.calculation.text.2F42FC9329AFFE93085A85D6500BDBB4</StringID>
	<SourceText>color.background</SourceText>
	<TargetText>color.background</TargetText>
	<Comment>com.fmi.calculation.text.color.background</Comment>
</DynamicTemplateString>

<DynamicTemplateString>
	<StringID>com.fmi.calculation.text.3A81C9067060B400325CD5842CB53E93</StringID>
	<SourceText> bar behind the segments, and rounded corners are applied through SVG clipping. <CR/></SourceText>
	<TargetText> bar behind the segments, and rounded corners are applied through SVG clipping. <CR/></TargetText>
	<Comment>com.fmi.calculation.text. bar behind the segments, and rounded corners are applied through SVG clipping. _CR/_</Comment>
</DynamicTemplateString>

<DynamicTemplateString>
	<StringID>com.fmi.calculation.text.3A8EA94565A1576740985B25CDF87276</StringID>
	<SourceText>]percent</SourceText>
	<TargetText>]percent</TargetText>
	<Comment>com.fmi.calculation.text.]percent</Comment>
</DynamicTemplateString>

<DynamicTemplateString>
	<StringID>com.fmi.calculation.text.4161BF06CC32D086B2B781AA6FAC0E37</StringID>
	<SourceText>&lt;svg xmlns=&apos;http://www.w3.org/2000/svg&apos; width=&apos;</SourceText>
	<TargetText>&lt;svg xmlns=&apos;http://www.w3.org/2000/svg&apos; width=&apos;</TargetText>
	<Comment>com.fmi.calculation.text.&lt;svg xmlns=&apos;http://www.w3.org/2000/svg&apos; width=&apos;</Comment>
</DynamicTemplateString>

<DynamicTemplateString>
	<StringID>com.fmi.calculation.text.41F52356544E9A0FA36A56ECB7A7C584</StringID>
	<SourceText> JSON object that specifies a colour and percentage for each part. The function calculates <CR/></SourceText>
	<TargetText> JSON object that specifies a colour and percentage for each part. The function calculates <CR/></TargetText>
	<Comment>com.fmi.calculation.text. JSON object that specifies a colour and percentage for each part. The function calculates _CR/_</Comment>
</DynamicTemplateString>

<DynamicTemplateString>
	<StringID>com.fmi.calculation.text.42B6222305DC4C92E28B76E2C9E4350C</StringID>
	<SourceText>)<CR/></SourceText>
	<TargetText>)<CR/></TargetText>
	<Comment>com.fmi.calculation.text.)_CR/_</Comment>
</DynamicTemplateString>

<DynamicTemplateString>
	<StringID>com.fmi.calculation.text.454DD36B48548B80AA6CFC160CA3AF1A</StringID>
	<SourceText>&apos; fill=&apos;</SourceText>
	<TargetText>&apos; fill=&apos;</TargetText>
	<Comment>com.fmi.calculation.text.&apos; fill=&apos;</Comment>
</DynamicTemplateString>

<DynamicTemplateString>
	<StringID>com.fmi.calculation.text.4D54433D283F5742398DF4D876085DC4</StringID>
	<SourceText><TAB/>[ &quot;stack[+]color&quot; ; &quot;#7962a8&quot; ; 1 ] ; <CR/></SourceText>
	<TargetText><TAB/>[ &quot;stack[+]color&quot; ; &quot;#7962a8&quot; ; 1 ] ; <CR/></TargetText>
	<Comment>com.fmi.calculation.text._TAB/_[ &quot;stack[+]color&quot; ; &quot;#7962a8&quot; ; 1 ] ; _CR/_</Comment>
</DynamicTemplateString>

<DynamicTemplateString>
	<StringID>com.fmi.calculation.text.4F5F402018FD4166B84C858C4EEF850A</StringID>
	<SourceText> defined by a JSON input with individual percentage values.<CR/></SourceText>
	<TargetText> defined by a JSON input with individual percentage values.<CR/></TargetText>
	<Comment>com.fmi.calculation.text. defined by a JSON input with individual percentage values._CR/_</Comment>
</DynamicTemplateString>

<DynamicTemplateString>
	<StringID>com.fmi.calculation.text.500DCFDA0E0790395FF3B529B12183F7</StringID>
	<SourceText> BD Link : https://www.briandunning.com/cf/2799<CR/></SourceText>
	<TargetText> BD Link : https://www.briandunning.com/cf/2799<CR/></TargetText>
	<Comment>com.fmi.calculation.text. BD Link : https://www.briandunning.com/cf/2799_CR/_</Comment>
</DynamicTemplateString>

<DynamicTemplateString>
	<StringID>com.fmi.calculation.text.50161533096230D9598F7EDD16B04C40</StringID>
	<SourceText>#f4f4f4</SourceText>
	<TargetText>#f4f4f4</TargetText>
	<Comment>com.fmi.calculation.text.#f4f4f4</Comment>
</DynamicTemplateString>

<DynamicTemplateString>
	<StringID>com.fmi.calculation.text.58016D7BE48826BF7888E410F9BBDA05</StringID>
	<SourceText>targetWebViewer</SourceText>
	<TargetText>targetWebViewer</TargetText>
	<Comment>com.fmi.calculation.text.targetWebViewer</Comment>
</DynamicTemplateString>

<DynamicTemplateString>
	<StringID>com.fmi.calculation.text.5880996F75134A0D82FA7526020699D2</StringID>
	<SourceText> This function renders a horizontal, stacked-style SVG progress bar where each segment<CR/></SourceText>
	<TargetText> This function renders a horizontal, stacked-style SVG progress bar where each segment<CR/></TargetText>
	<Comment>com.fmi.calculation.text. This function renders a horizontal, stacked-style SVG progress bar where each segment_CR/_</Comment>
</DynamicTemplateString>

<DynamicTemplateString>
	<StringID>com.fmi.calculation.text.593A98D67AB9A8A8C3BAD5B1B04CF9F1</StringID>
	<SourceText>&lt;/g&gt;</SourceText>
	<TargetText>&lt;/g&gt;</TargetText>
	<Comment>com.fmi.calculation.text.&lt;/g&gt;</Comment>
</DynamicTemplateString>

<DynamicTemplateString>
	<StringID>com.fmi.calculation.text.5CD8FBB9C0F236A8E6F08B04C878D57B</StringID>
	<SourceText> radius<CR/></SourceText>
	<TargetText> radius<CR/></TargetText>
	<Comment>com.fmi.calculation.text. radius_CR/_</Comment>
</DynamicTemplateString>

<DynamicTemplateString>
	<StringID>com.fmi.calculation.text.5E4B47C963D1C323FE4C141EB64E8216</StringID>
	<SourceText>array</SourceText>
	<TargetText>array</TargetText>
	<Comment>com.fmi.calculation.text.array</Comment>
</DynamicTemplateString>

<DynamicTemplateString>
	<StringID>com.fmi.calculation.text.6107A6B6BBBB0DC29A7EB46C1D5B3345</StringID>
	<SourceText>#7962a8</SourceText>
	<TargetText>#7962a8</TargetText>
	<Comment>com.fmi.calculation.text.#7962a8</Comment>
</DynamicTemplateString>

<DynamicTemplateString>
	<StringID>com.fmi.calculation.text.61E4A9BEA1999E939B470511B8AC3DE3</StringID>
	<SourceText>&apos; y=&apos;0&apos; width=&apos;</SourceText>
	<TargetText>&apos; y=&apos;0&apos; width=&apos;</TargetText>
	<Comment>com.fmi.calculation.text.&apos; y=&apos;0&apos; width=&apos;</Comment>
</DynamicTemplateString>

<DynamicTemplateString>
	<StringID>com.fmi.calculation.text.6395C07279F93A96330A199FD25DDBB8</StringID>
	<SourceText><TAB/>[ &quot;stack[:]percent&quot; ; 40 ; 2 ] ; <CR/></SourceText>
	<TargetText><TAB/>[ &quot;stack[:]percent&quot; ; 40 ; 2 ] ; <CR/></TargetText>
	<Comment>com.fmi.calculation.text._TAB/_[ &quot;stack[:]percent&quot; ; 40 ; 2 ] ; _CR/_</Comment>
</DynamicTemplateString>

<DynamicTemplateString>
	<StringID>com.fmi.calculation.text.6447C3EBD26803429167BE627A446196</StringID>
	<SourceText><TAB/>[ &quot;stack[:]percent&quot; ; 10 ; 2 ] ; <CR/></SourceText>
	<TargetText><TAB/>[ &quot;stack[:]percent&quot; ; 10 ; 2 ] ; <CR/></TargetText>
	<Comment>com.fmi.calculation.text._TAB/_[ &quot;stack[:]percent&quot; ; 10 ; 2 ] ; _CR/_</Comment>
</DynamicTemplateString>

<DynamicTemplateString>
	<StringID>com.fmi.calculation.text.666CA6090CDB2225ACC935D040E64CDF</StringID>
	<SourceText>&lt;g clip-path=&apos;url(#barMask)&apos;&gt;</SourceText>
	<TargetText>&lt;g clip-path=&apos;url(#barMask)&apos;&gt;</TargetText>
	<Comment>com.fmi.calculation.text.&lt;g clip-path=&apos;url(#barMask)&apos;&gt;</Comment>
</DynamicTemplateString>

<DynamicTemplateString>
	<StringID>com.fmi.calculation.text.67AB2B1D33A3943DFEA1510E3782934F</StringID>
	<SourceText>&apos; ry=&apos;</SourceText>
	<TargetText>&apos; ry=&apos;</TargetText>
	<Comment>com.fmi.calculation.text.&apos; ry=&apos;</Comment>
</DynamicTemplateString>

<DynamicTemplateString>
	<StringID>com.fmi.calculation.text.697300B97522098C071B7BCD3BB2078C</StringID>
	<SourceText>&lt;/clipPath&gt;</SourceText>
	<TargetText>&lt;/clipPath&gt;</TargetText>
	<Comment>com.fmi.calculation.text.&lt;/clipPath&gt;</Comment>
</DynamicTemplateString>

<DynamicTemplateString>
	<StringID>com.fmi.calculation.text.7641515B35D409A59CF957BF54B3DB09</StringID>
	<SourceText> Use example : progressBarStacked ( 500 ; 16 ; 5 ; &quot;#f4f4f4&quot; ; $jsonArray )<CR/></SourceText>
	<TargetText> Use example : progressBarStacked ( 500 ; 16 ; 5 ; &quot;#f4f4f4&quot; ; $jsonArray )<CR/></TargetText>
	<Comment>com.fmi.calculation.text. Use example : progressBarStacked ( 500 ; 16 ; 5 ; &quot;#f4f4f4&quot; ; $jsonArray )_CR/_</Comment>
</DynamicTemplateString>

<DynamicTemplateString>
	<StringID>com.fmi.calculation.text.76FDF8297812CA7585A8370ECD51000F</StringID>
	<SourceText><TAB/>[ &quot;stack[:]percent&quot; ; 70 ; 2 ] <CR/></SourceText>
	<TargetText><TAB/>[ &quot;stack[:]percent&quot; ; 70 ; 2 ] <CR/></TargetText>
	<Comment>com.fmi.calculation.text._TAB/_[ &quot;stack[:]percent&quot; ; 70 ; 2 ] _CR/_</Comment>
</DynamicTemplateString>

<DynamicTemplateString>
	<StringID>com.fmi.calculation.text.79DAFBA321E8084042069E25AD389EF2</StringID>
	<SourceText>&lt;/svg&gt;</SourceText>
	<TargetText>&lt;/svg&gt;</TargetText>
	<Comment>com.fmi.calculation.text.&lt;/svg&gt;</Comment>
</DynamicTemplateString>

<DynamicTemplateString>
	<StringID>com.fmi.calculation.text.7C831DA0233DCC35CBC52C029D5A4ACD</StringID>
	<SourceText>&apos; rx=&apos;</SourceText>
	<TargetText>&apos; rx=&apos;</TargetText>
	<Comment>com.fmi.calculation.text.&apos; rx=&apos;</Comment>
</DynamicTemplateString>

<DynamicTemplateString>
	<StringID>com.fmi.calculation.text.7DF8067ACB6A7ABD81F47D41A9A3F440</StringID>
	<SourceText><TAB/>[ &quot;stack[+]color&quot; ; &quot;#e8deee&quot; ; 1 ] ; <CR/></SourceText>
	<TargetText><TAB/>[ &quot;stack[+]color&quot; ; &quot;#e8deee&quot; ; 1 ] ; <CR/></TargetText>
	<Comment>com.fmi.calculation.text._TAB/_[ &quot;stack[+]color&quot; ; &quot;#e8deee&quot; ; 1 ] ; _CR/_</Comment>
</DynamicTemplateString>

<DynamicTemplateString>
	<StringID>com.fmi.calculation.text.81DBB097BD91BDD58AC976DAC49C38AF</StringID>
	<SourceText>&apos; height=&apos;</SourceText>
	<TargetText>&apos; height=&apos;</TargetText>
	<Comment>com.fmi.calculation.text.&apos; height=&apos;</Comment>
</DynamicTemplateString>

<DynamicTemplateString>
	<StringID>com.fmi.calculation.text.81F1FF7B3270492DF921257051C7C8F7</StringID>
	<SourceText> NOTE : The segments are stacked, so make sure to order the array starting with the lowest percentages <CR/></SourceText>
	<TargetText> NOTE : The segments are stacked, so make sure to order the array starting with the lowest percentages <CR/></TargetText>
	<Comment>com.fmi.calculation.text. NOTE : The segments are stacked, so make sure to order the array starting with the lowest percentages _CR/_</Comment>
</DynamicTemplateString>

<DynamicTemplateString>
	<StringID>com.fmi.calculation.text.9307D58DFCC6077753799D8905F2779A</StringID>
	<SourceText> Creates a horizontal progress bar composed of multiple coloured segments, <CR/></SourceText>
	<TargetText> Creates a horizontal progress bar composed of multiple coloured segments, <CR/></TargetText>
	<Comment>com.fmi.calculation.text. Creates a horizontal progress bar composed of multiple coloured segments, _CR/_</Comment>
</DynamicTemplateString>

<DynamicTemplateString>
	<StringID>com.fmi.calculation.text.9320CF291DCBAFCCB6C5C6E83D077326</StringID>
	<SourceText> Parameters : width ; height ; radius ; backgroundColor ; segmentArray<CR/></SourceText>
	<TargetText> Parameters : width ; height ; radius ; backgroundColor ; segmentArray<CR/></TargetText>
	<Comment>com.fmi.calculation.text. Parameters : width ; height ; radius ; backgroundColor ; segmentArray_CR/_</Comment>
</DynamicTemplateString>

<DynamicTemplateString>
	<StringID>com.fmi.calculation.text.9471BA5D2BA2A7A5313466413C5B9422</StringID>
	<SourceText>stack[</SourceText>
	<TargetText>stack[</TargetText>
	<Comment>com.fmi.calculation.text.stack[</Comment>
</DynamicTemplateString>

<DynamicTemplateString>
	<StringID>com.fmi.calculation.text.A5D4ED307A3223EA902DB41838B542B7</StringID>
	<SourceText>]color</SourceText>
	<TargetText>]color</TargetText>
	<Comment>com.fmi.calculation.text.]color</Comment>
</DynamicTemplateString>

<DynamicTemplateString>
	<StringID>com.fmi.calculation.text.A5EE11ABB2D3BE3A4CB0DA76B9C101BF</StringID>
	<SourceText>&lt;clipPath id=&apos;barMask&apos;&gt;</SourceText>
	<TargetText>&lt;clipPath id=&apos;barMask&apos;&gt;</TargetText>
	<Comment>com.fmi.calculation.text.&lt;clipPath id=&apos;barMask&apos;&gt;</Comment>
</DynamicTemplateString>

<DynamicTemplateString>
	<StringID>com.fmi.calculation.text.AF00F351C15C4CFED6996E8722B2DF55</StringID>
	<SourceText>width</SourceText>
	<TargetText>width</TargetText>
	<Comment>com.fmi.calculation.text.width</Comment>
</DynamicTemplateString>

<DynamicTemplateString>
	<StringID>com.fmi.calculation.text.B5891D5D31C2D57D8C36A5E1ABEC4147</StringID>
	<SourceText>radius</SourceText>
	<TargetText>radius</TargetText>
	<Comment>com.fmi.calculation.text.radius</Comment>
</DynamicTemplateString>

<DynamicTemplateString>
	<StringID>com.fmi.calculation.text.B613EA7ED210F1B43EB9CF2D7C456F36</StringID>
	<SourceText>data:image/svg+xml;base64,</SourceText>
	<TargetText>data:image/svg+xml;base64,</TargetText>
	<Comment>com.fmi.calculation.text.data:image/svg+xml;base64,</Comment>
</DynamicTemplateString>

<DynamicTemplateString>
	<StringID>com.fmi.calculation.text.BBB71BE88C53A02CCAA1E84677E66289</StringID>
	<SourceText>&apos; /&gt;</SourceText>
	<TargetText>&apos; /&gt;</TargetText>
	<Comment>com.fmi.calculation.text.&apos; /&gt;</Comment>
</DynamicTemplateString>

<DynamicTemplateString>
	<StringID>com.fmi.calculation.text.BD6A109C3AC3DA06A5A79D2D71BA59C2</StringID>
	<SourceText>#ad9fcd</SourceText>
	<TargetText>#ad9fcd</TargetText>
	<Comment>com.fmi.calculation.text.#ad9fcd</Comment>
</DynamicTemplateString>

<DynamicTemplateString>
	<StringID>com.fmi.calculation.text.C13D7227209317C4EB04CCF52893215D</StringID>
	<SourceText>&lt;rect x=&apos;0&apos; y=&apos;0&apos; width=&apos;</SourceText>
	<TargetText>&lt;rect x=&apos;0&apos; y=&apos;0&apos; width=&apos;</TargetText>
	<Comment>com.fmi.calculation.text.&lt;rect x=&apos;0&apos; y=&apos;0&apos; width=&apos;</Comment>
</DynamicTemplateString>

<DynamicTemplateString>
	<StringID>com.fmi.calculation.text.C421AEF8278E49DD7246E4CE7BA89EF1</StringID>
	<SourceText> The result is Base64-encoded and suitable for use in container fields or web viewers within FileMaker solutions.<CR/></SourceText>
	<TargetText> The result is Base64-encoded and suitable for use in container fields or web viewers within FileMaker solutions.<CR/></TargetText>
	<Comment>com.fmi.calculation.text. The result is Base64-encoded and suitable for use in container fields or web viewers within FileMaker solutions._CR/_</Comment>
</DynamicTemplateString>

<DynamicTemplateString>
	<StringID>com.fmi.calculation.text.C6AF94FC9C8E58F62D2F13CE6D3AFF18</StringID>
	<SourceText> height<CR/></SourceText>
	<TargetText> height<CR/></TargetText>
	<Comment>com.fmi.calculation.text. height_CR/_</Comment>
</DynamicTemplateString>

<DynamicTemplateString>
	<StringID>com.fmi.calculation.text.CB0EA92F7878356D684B75D128ABA594</StringID>
	<SourceText> JSONSetElement ( &quot;&quot; ; <CR/></SourceText>
	<TargetText> JSONSetElement ( &quot;&quot; ; <CR/></TargetText>
	<Comment>com.fmi.calculation.text. JSONSetElement ( &quot;&quot; ; _CR/_</Comment>
</DynamicTemplateString>

<DynamicTemplateString>
	<StringID>com.fmi.calculation.text.CB7525508D21448ACDEFEDCB992312D1</StringID>
	<SourceText> JSON ARRAY EXAMPLE<CR/></SourceText>
	<TargetText> JSON ARRAY EXAMPLE<CR/></TargetText>
	<Comment>com.fmi.calculation.text. JSON ARRAY EXAMPLE_CR/_</Comment>
</DynamicTemplateString>

<DynamicTemplateString>
	<StringID>com.fmi.calculation.text.CB7A68C052A68EB1007EF58A3D7CB772</StringID>
	<SourceText>&apos;&gt;</SourceText>
	<TargetText>&apos;&gt;</TargetText>
	<Comment>com.fmi.calculation.text.&apos;&gt;</Comment>
</DynamicTemplateString>

<DynamicTemplateString>
	<StringID>com.fmi.calculation.text.CC33A8CEA6D10DF053C9E6EC13CC7A96</StringID>
	<SourceText> Function Name : progressBarStacked<CR/></SourceText>
	<TargetText> Function Name : progressBarStacked<CR/></TargetText>
	<Comment>com.fmi.calculation.text. Function Name : progressBarStacked_CR/_</Comment>
</DynamicTemplateString>

<DynamicTemplateString>
	<StringID>com.fmi.calculation.text.CC5F54661137DB7D347BB037FD293BB9</StringID>
	<SourceText>stack[:]percent</SourceText>
	<TargetText>stack[:]percent</TargetText>
	<Comment>com.fmi.calculation.text.stack[:]percent</Comment>
</DynamicTemplateString>

<DynamicTemplateString>
	<StringID>com.fmi.calculation.text.D0393F39CD9C4C4BA85511D03B8CDE1C</StringID>
	<SourceText> Written by: jonni@me.com<CR/></SourceText>
	<TargetText> Written by: jonni@me.com<CR/></TargetText>
	<Comment>com.fmi.calculation.text. Written by: jonni@me.com_CR/_</Comment>
</DynamicTemplateString>

<DynamicTemplateString>
	<StringID>com.fmi.calculation.text.D7529C58219F38C45C7439B1D9639148</StringID>
	<SourceText><TAB/>[ &quot;stack[+]color&quot; ; &quot;#ad9fcd&quot; ; 1 ] ; <CR/></SourceText>
	<TargetText><TAB/>[ &quot;stack[+]color&quot; ; &quot;#ad9fcd&quot; ; 1 ] ; <CR/></TargetText>
	<Comment>com.fmi.calculation.text._TAB/_[ &quot;stack[+]color&quot; ; &quot;#ad9fcd&quot; ; 1 ] ; _CR/_</Comment>
</DynamicTemplateString>

<DynamicTemplateString>
	<StringID>com.fmi.calculation.text.DABFD27173C21E478BB227F2E919F378</StringID>
	<SourceText> V 1.0</SourceText>
	<TargetText> V 1.0</TargetText>
	<Comment>com.fmi.calculation.text. V 1.0</Comment>
</DynamicTemplateString>

<DynamicTemplateString>
	<StringID>com.fmi.calculation.text.E0DA21A1420318DCF551CD9BBB768624</StringID>
	<SourceText>stack</SourceText>
	<TargetText>stack</TargetText>
	<Comment>com.fmi.calculation.text.stack</Comment>
</DynamicTemplateString>

<DynamicTemplateString>
	<StringID>com.fmi.calculation.text.E5E4F933C80E03DE02C93EF0AB8B8379</StringID>
	<SourceText>&lt;rect x=&apos;</SourceText>
	<TargetText>&lt;rect x=&apos;</TargetText>
	<Comment>com.fmi.calculation.text.&lt;rect x=&apos;</Comment>
</DynamicTemplateString>

<DynamicTemplateString>
	<StringID>com.fmi.calculation.text.EB20166C50E7D8C1DFACE8C648731604</StringID>
	<SourceText>stack[+]color</SourceText>
	<TargetText>stack[+]color</TargetText>
	<Comment>com.fmi.calculation.text.stack[+]color</Comment>
</DynamicTemplateString>

<DynamicTemplateString>
	<StringID>com.fmi.calculation.text.EE9FA3A45469B526543A9B669BB1D780</StringID>
	<SourceText> represents a distinct stage or category of progress. The segments are defined via a <CR/></SourceText>
	<TargetText> represents a distinct stage or category of progress. The segments are defined via a <CR/></TargetText>
	<Comment>com.fmi.calculation.text. represents a distinct stage or category of progress. The segments are defined via a _CR/_</Comment>
</DynamicTemplateString>

<DynamicTemplateString>
	<StringID>com.fmi.calculation.text.F4C1E48796E6C370E81A04FA55228A94</StringID>
	<SourceText> width<CR/></SourceText>
	<TargetText> width<CR/></TargetText>
	<Comment>com.fmi.calculation.text. width_CR/_</Comment>
</DynamicTemplateString>

<DynamicTemplateString>
	<StringID>com.fmi.calculation.text.F6812BFCD00AD82763DAFDBF45D8C2C7</StringID>
	<SourceText>wv_progressBarStacked_[&lt;^FMXML_AddonInstanceUUID&gt;]</SourceText>
	<TargetText>wv_progressBarStacked_[&lt;^FMXML_AddonInstanceUUID&gt;]</TargetText>
	<Comment>com.fmi.calculation.text.wv_progressBarStacked_[&lt;^FMXML_AddonInstanceUUID&gt;]</Comment>
</DynamicTemplateString>

<DynamicTemplateString>
	<StringID>com.fmi.calculation.text.F75FC11424B41CF7EDBEFD1DDF95BE9A</StringID>
	<SourceText> PROGRESS BAR STACKED<CR/></SourceText>
	<TargetText> PROGRESS BAR STACKED<CR/></TargetText>
	<Comment>com.fmi.calculation.text. PROGRESS BAR STACKED_CR/_</Comment>
</DynamicTemplateString>

<DynamicTemplateString>
	<StringID>com.fmi.calculation.text.FD54683CDC641B21B0A7253A663E6FA3</StringID>
	<SourceText>&lt;?xml version=&apos;1.0&apos; encoding=&apos;UTF-8&apos;?&gt;</SourceText>
	<TargetText>&lt;?xml version=&apos;1.0&apos; encoding=&apos;UTF-8&apos;?&gt;</TargetText>
	<Comment>com.fmi.calculation.text.&lt;?xml version=&apos;1.0&apos; encoding=&apos;UTF-8&apos;?&gt;</Comment>
</DynamicTemplateString>

<DynamicTemplateString>
	<StringID>com.fmi.layoutobject.1A9D6F8B8B552F4D75CFAF5D37A49F18</StringID>
	<SourceText>progressBarStacked_[&lt;^FMXML_AddonInstanceUUID&gt;]</SourceText>
	<TargetText>progressBarStacked_[&lt;^FMXML_AddonInstanceUUID&gt;]</TargetText>
	<Comment>com.fmi.layoutobject.progressBarStacked_[&lt;^FMXML_AddonInstanceUUID&gt;]</Comment>
</DynamicTemplateString>

<DynamicTemplateString>
	<StringID>com.fmi.layoutobject.F6812BFCD00AD82763DAFDBF45D8C2C7</StringID>
	<SourceText>wv_progressBarStacked_[&lt;^FMXML_AddonInstanceUUID&gt;]</SourceText>
	<TargetText>wv_progressBarStacked_[&lt;^FMXML_AddonInstanceUUID&gt;]</TargetText>
	<Comment>com.fmi.layoutobject.wv_progressBarStacked_[&lt;^FMXML_AddonInstanceUUID&gt;]</Comment>
</DynamicTemplateString>

<DynamicTemplateString>
	<StringID>com.fmi.script.38F069DB1882FFBEF29766E99AAB4E2B</StringID>
	<SourceText>setProgressBarStacked</SourceText>
	<TargetText>setProgressBarStacked</TargetText>
	<Comment>com.fmi.script.setProgressBarStacked</Comment>
</DynamicTemplateString>

<DynamicTemplateString>
	<StringID>com.fmi.script.folder.3DB520432E5437D24FF0F3467BCEC001</StringID>
	<SourceText>ProgressBarStacked</SourceText>
	<TargetText>ProgressBarStacked</TargetText>
	<Comment>com.fmi.script.folder.ProgressBarStacked</Comment>
</DynamicTemplateString>

<DynamicTemplateString>
	<StringID>com.fmi.scriptstep.text.111839C0417DE18B8CF74F955F50BD29</StringID>
	<SourceText>Dependencies: <TAB/><TAB/>Script Parameter Payload</SourceText>
	<TargetText>Dependencies: <TAB/><TAB/>Script Parameter Payload</TargetText>
	<Comment>com.fmi.scriptstep.text.Dependencies: _TAB/__TAB/_Script Parameter Payload</Comment>
</DynamicTemplateString>

<DynamicTemplateString>
	<StringID>com.fmi.scriptstep.text.5E179325F9767E48044727F9A5C3D9E2</StringID>
	<SourceText>Written on 22.04.2025 |  Updated: 00.00.0000  | Valid: Yes  |  By: jonni@me.com</SourceText>
	<TargetText>Written on 22.04.2025 |  Updated: 00.00.0000  | Valid: Yes  |  By: jonni@me.com</TargetText>
	<Comment>com.fmi.scriptstep.text.Written on 22.04.2025 |  Updated: 00.00.0000  | Valid: Yes  |  By: jonni@me.com</Comment>
</DynamicTemplateString>

<DynamicTemplateString>
	<StringID>com.fmi.scriptstep.text.5F56D887B2701E055E712E419FD92429</StringID>
	<SourceText>Loads progressbar into targeted WebViewer<CR/><CR/>Please note that the segments stack from left to<CR/>right. It&apos;s important to order the array from<CR/>low to high percentage value to avoid segments<CR/>stacking on top of smaller segments.<CR/><CR/>You can include any number of objects in the<CR/>segment array. See example payload for array<CR/>details and syntax.</SourceText>
	<TargetText>Loads progressbar into targeted WebViewer<CR/><CR/>Please note that the segments stack from left to<CR/>right. It&apos;s important to order the array from<CR/>low to high percentage value to avoid segments<CR/>stacking on top of smaller segments.<CR/><CR/>You can include any number of objects in the<CR/>segment array. See example payload for array<CR/>details and syntax.</TargetText>
	<Comment>com.fmi.scriptstep.text.Loads progressbar into targeted WebViewer_CR/__CR/_Please note that the segments stack from left to_CR/_right. It&apos;s important to order the array from_CR/_low to high percentage value to avoid segments_CR/_stacking on top of smaller segments._CR/__CR/_You can include any number of objects in the_CR/_segment array. See example payload for array_CR/_details and syntax.</Comment>
</DynamicTemplateString>

<DynamicTemplateString>
	<StringID>com.fmi.scriptstep.text.6E93D27030534AD82F0364250B306C64</StringID>
	<SourceText>Subscripts Called: <TAB/>None</SourceText>
	<TargetText>Subscripts Called: <TAB/>None</TargetText>
	<Comment>com.fmi.scriptstep.text.Subscripts Called: _TAB/_None</Comment>
</DynamicTemplateString>

<DynamicTemplateString>
	<StringID>com.fmi.scriptstep.text.ABA09ABEAE968FCB2D7635E45EE3A6A6</StringID>
	<SourceText>Scripts Called: <TAB/><TAB/>None</SourceText>
	<TargetText>Scripts Called: <TAB/><TAB/>None</TargetText>
	<Comment>com.fmi.scriptstep.text.Scripts Called: _TAB/__TAB/_None</Comment>
</DynamicTemplateString>

<DynamicTemplateString>
	<StringID>com.fmi.scriptstep.text.B00B36E44397900E0118FC2A4839A133</StringID>
	<SourceText>SET PROGRESS BAR STACKED</SourceText>
	<TargetText>SET PROGRESS BAR STACKED</TargetText>
	<Comment>com.fmi.scriptstep.text.SET PROGRESS BAR STACKED</Comment>
</DynamicTemplateString>

<DynamicTemplateString>
	<StringID>com.fmi.scriptstep.text.B4F1917BDDF9D86FDB9CCAEDCFA17E85</StringID>
	<SourceText>JSONSetElement ( &quot;&quot; ; <CR/><CR/><TAB/>[ &quot;targetWebViewer&quot; ; &quot;wv_progressBarStacked_[&lt;^FMXML_AddonInstanceUUID&gt;]&quot; ; 1 ] ; // target webViewer name<CR/><TAB/>[ &quot;width&quot; ; GetLayoutObjectAttribute ( &quot;wv_progressBarStacked_[&lt;^FMXML_AddonInstanceUUID&gt;]&quot; ; &quot;width&quot; ) ; 2 ] ; // width<CR/><TAB/>[ &quot;height&quot; ; GetLayoutObjectAttribute ( &quot;wv_progressBarStacked_[&lt;^FMXML_AddonInstanceUUID&gt;]&quot; ; &quot;height&quot; ) ; 2 ] ; // height<CR/><TAB/>[ &quot;radius&quot; ; 0 ; 2 ] ; // radius<CR/><TAB/>[ &quot;color.background&quot; ; &quot;#e8deee&quot; ; 1 ] ; // backgroundColor<CR/><TAB/><CR/><TAB/>[ &quot;array.stack[+]color&quot; ; &quot;#211732&quot; ; 1 ] ; // segmentArray<CR/><TAB/>[ &quot;array.stack[:]percent&quot; ; 10 ; 2 ] ; // segmentArray<CR/><TAB/>[ &quot;array.stack[+]color&quot; ; &quot;#7962a8&quot; ; 1 ] ; // segmentArray<CR/><TAB/>[ &quot;array.stack[:]percent&quot; ; 20 ; 2 ] ; // segmentArray<CR/><TAB/>[ &quot;array.stack[+]color&quot; ; &quot;#ad9fcd&quot; ; 1 ] ; // segmentArray<CR/><TAB/>[ &quot;array.stack[:]percent&quot; ; 40 ; 2 ] ; // segmentArray<CR/><TAB/>[ &quot;array.stack[+]color&quot; ; &quot;#e8deee&quot; ; 1 ] ; // segmentArray<CR/><TAB/>[ &quot;array.stack[:]percent&quot; ; 70 ; 2 ] // segmentArray<CR/><CR/>)<CR/><CR/>or<CR/><CR/>JSONSetElement ( &quot;&quot; ; <CR/><CR/><TAB/>[ &quot;targetWebViewer&quot; ; &quot;myWebViewer&quot; ; 1 ] ; // target webViewer name<CR/><TAB/>[ &quot;width&quot; ; 500 ; 2 ] ; // width<CR/><TAB/>[ &quot;height&quot; ; 16 ; 2 ] ; // height<CR/><TAB/>[ &quot;radius&quot; ; 5 ; 2 ] ; // radius<CR/><TAB/>[ &quot;color.background&quot; ; &quot;#e8deee&quot; ; 1 ] ; // backgroundColor<CR/><TAB/><CR/><TAB/>[ &quot;array.stack[0]color&quot; ; &quot;#211732&quot; ; 1 ] ; // segmentArray<CR/><TAB/>[ &quot;array.stack[0]percent&quot; ; 10 ; 2 ] ; // segmentArray<CR/><TAB/>[ &quot;array.stack[1]color&quot; ; &quot;#7962a8&quot; ; 1 ] ; // segmentArray<CR/><TAB/>[ &quot;array.stack[1]percent&quot; ; 20 ; 2 ] ; // segmentArray<CR/><TAB/>[ &quot;array.stack[2]color&quot; ; &quot;#ad9fcd&quot; ; 1 ] ; // segmentArray<CR/><TAB/>[ &quot;array.stack[2]percent&quot; ; 40 ; 2 ] ; // segmentArray<CR/><TAB/>[ &quot;array.stack[3]color&quot; ; &quot;#e8deee&quot; ; 1 ] ; // segmentArray<CR/><TAB/>[ &quot;array.stack[3]percent&quot; ; 70 ; 2 ] // segmentArray<CR/><CR/>)</SourceText>
	<TargetText>JSONSetElement ( &quot;&quot; ; <CR/><CR/><TAB/>[ &quot;targetWebViewer&quot; ; &quot;wv_progressBarStacked_[&lt;^FMXML_AddonInstanceUUID&gt;]&quot; ; 1 ] ; // target webViewer name<CR/><TAB/>[ &quot;width&quot; ; GetLayoutObjectAttribute ( &quot;wv_progressBarStacked_[&lt;^FMXML_AddonInstanceUUID&gt;]&quot; ; &quot;width&quot; ) ; 2 ] ; // width<CR/><TAB/>[ &quot;height&quot; ; GetLayoutObjectAttribute ( &quot;wv_progressBarStacked_[&lt;^FMXML_AddonInstanceUUID&gt;]&quot; ; &quot;height&quot; ) ; 2 ] ; // height<CR/><TAB/>[ &quot;radius&quot; ; 0 ; 2 ] ; // radius<CR/><TAB/>[ &quot;color.background&quot; ; &quot;#e8deee&quot; ; 1 ] ; // backgroundColor<CR/><TAB/><CR/><TAB/>[ &quot;array.stack[+]color&quot; ; &quot;#211732&quot; ; 1 ] ; // segmentArray<CR/><TAB/>[ &quot;array.stack[:]percent&quot; ; 10 ; 2 ] ; // segmentArray<CR/><TAB/>[ &quot;array.stack[+]color&quot; ; &quot;#7962a8&quot; ; 1 ] ; // segmentArray<CR/><TAB/>[ &quot;array.stack[:]percent&quot; ; 20 ; 2 ] ; // segmentArray<CR/><TAB/>[ &quot;array.stack[+]color&quot; ; &quot;#ad9fcd&quot; ; 1 ] ; // segmentArray<CR/><TAB/>[ &quot;array.stack[:]percent&quot; ; 40 ; 2 ] ; // segmentArray<CR/><TAB/>[ &quot;array.stack[+]color&quot; ; &quot;#e8deee&quot; ; 1 ] ; // segmentArray<CR/><TAB/>[ &quot;array.stack[:]percent&quot; ; 70 ; 2 ] // segmentArray<CR/><CR/>)<CR/><CR/>or<CR/><CR/>JSONSetElement ( &quot;&quot; ; <CR/><CR/><TAB/>[ &quot;targetWebViewer&quot; ; &quot;myWebViewer&quot; ; 1 ] ; // target webViewer name<CR/><TAB/>[ &quot;width&quot; ; 500 ; 2 ] ; // width<CR/><TAB/>[ &quot;height&quot; ; 16 ; 2 ] ; // height<CR/><TAB/>[ &quot;radius&quot; ; 5 ; 2 ] ; // radius<CR/><TAB/>[ &quot;color.background&quot; ; &quot;#e8deee&quot; ; 1 ] ; // backgroundColor<CR/><TAB/><CR/><TAB/>[ &quot;array.stack[0]color&quot; ; &quot;#211732&quot; ; 1 ] ; // segmentArray<CR/><TAB/>[ &quot;array.stack[0]percent&quot; ; 10 ; 2 ] ; // segmentArray<CR/><TAB/>[ &quot;array.stack[1]color&quot; ; &quot;#7962a8&quot; ; 1 ] ; // segmentArray<CR/><TAB/>[ &quot;array.stack[1]percent&quot; ; 20 ; 2 ] ; // segmentArray<CR/><TAB/>[ &quot;array.stack[2]color&quot; ; &quot;#ad9fcd&quot; ; 1 ] ; // segmentArray<CR/><TAB/>[ &quot;array.stack[2]percent&quot; ; 40 ; 2 ] ; // segmentArray<CR/><TAB/>[ &quot;array.stack[3]color&quot; ; &quot;#e8deee&quot; ; 1 ] ; // segmentArray<CR/><TAB/>[ &quot;array.stack[3]percent&quot; ; 70 ; 2 ] // segmentArray<CR/><CR/>)</TargetText>
	<Comment>com.fmi.scriptstep.text.JSONSetElement ( &quot;&quot; ; _CR/__CR/__TAB/_[ &quot;targetWebViewer&quot; ; &quot;wv_progressBarStacked_[&lt;^FMXML_AddonInstanceUUID&gt;]&quot; ; 1 ] ; // target webViewer name_CR/__TAB/_[ &quot;width&quot; ; GetLayoutObjectAttribute ( &quot;wv_progressBarStacked_[&lt;^FMXML_AddonInstanceUUID&gt;]&quot; ; &quot;width&quot; ) ; 2 ] ; // width_CR/__TAB/_[ &quot;height&quot; ; GetLayoutObjectAttribute ( &quot;wv_progressBarStacked_[&lt;^FMXML_AddonInstanceUUID&gt;]&quot; ; &quot;height&quot; ) ; 2 ] ; // height_CR/__TAB/_[ &quot;radius&quot; ; 0 ; 2 ] ; // radius_CR/__TAB/_[ &quot;color.background&quot; ; &quot;#e8deee&quot; ; 1 ] ; // backgroundColor_CR/__TAB/__CR/__TAB/_[ &quot;array.stack[+]color&quot; ; &quot;#211732&quot; ; 1 ] ; // segmentArray_CR/__TAB/_[ &quot;array.stack[:]percent&quot; ; 10 ; 2 ] ; // segmentArray_CR/__TAB/_[ &quot;array.stack[+]color&quot; ; &quot;#7962a8&quot; ; 1 ] ; // segmentArray_CR/__TAB/_[ &quot;array.stack[:]percent&quot; ; 20 ; 2 ] ; // segmentArray_CR/__TAB/_[ &quot;array.stack[+]color&quot; ; &quot;#ad9fcd&quot; ; 1 ] ; // segmentArray_CR/__TAB/_[ &quot;array.stack[:]percent&quot; ; 40 ; 2 ] ; // segmentArray_CR/__TAB/_[ &quot;array.stack[+]color&quot; ; &quot;#e8deee&quot; ; 1 ] ; // segmentArray_CR/__TAB/_[ &quot;array.stack[:]percent&quot; ; 70 ; 2 ] // segmentArray_CR/__CR/_)_CR/__CR/_or_CR/__CR/_JSONSetElement ( &quot;&quot; ; _CR/__CR/__TAB/_[ &quot;targetWebViewer&quot; ; &quot;myWebViewer&quot; ; 1 ] ; // target webViewer name_CR/__TAB/_[ &quot;width&quot; ; 500 ; 2 ] ; // width_CR/__TAB/_[ &quot;height&quot; ; 16 ; 2 ] ; // height_CR/__TAB/_[ &quot;radius&quot; ; 5 ; 2 ] ; // radius_CR/__TAB/_[ &quot;color.background&quot; ; &quot;#e8deee&quot; ; 1 ] ; // backgroundColor_CR/__TAB/__CR/__TAB/_[ &quot;array.stack[0]color&quot; ; &quot;#211732&quot; ; 1 ] ; // segmentArray_CR/__TAB/_[ &quot;array.stack[0]percent&quot; ; 10 ; 2 ] ; // segmentArray_CR/__TAB/_[ &quot;array.stack[1]color&quot; ; &quot;#7962a8&quot; ; 1 ] ; // segmentArray_CR/__TAB/_[ &quot;array.stack[1]percent&quot; ; 20 ; 2 ] ; // segmentArray_CR/__TAB/_[ &quot;array.stack[2]color&quot; ; &quot;#ad9fcd&quot; ; 1 ] ; // segmentArray_CR/__TAB/_[ &quot;array.stack[2]percent&quot; ; 40 ; 2 ] ; // segmentArray_CR/__TAB/_[ &quot;array.stack[3]color&quot; ; &quot;#e8deee&quot; ; 1 ] ; // segmentArray_CR/__TAB/_[ &quot;array.stack[3]percent&quot; ; 70 ; 2 ] // segmentArray_CR/__CR/_)</Comment>
</DynamicTemplateString>

<DynamicTemplateString>
	<StringID>com.fmi.scriptstep.text.C1693CD05D5F0FFF8A14D4E168E6DB10</StringID>
	<SourceText>Compatibility: <TAB/><TAB/>FM 18+</SourceText>
	<TargetText>Compatibility: <TAB/><TAB/>FM 18+</TargetText>
	<Comment>com.fmi.scriptstep.text.Compatibility: _TAB/__TAB/_FM 18+</Comment>
</DynamicTemplateString>

<DynamicTemplateString>
	<StringID>com.fmi.scriptstep.text.CDFDD882E2FC15C7EB360422FE24AC03</StringID>
	<SourceText>++++++++++++++++++++++++++++++++++++++++++++++++</SourceText>
	<TargetText>++++++++++++++++++++++++++++++++++++++++++++++++</TargetText>
	<Comment>com.fmi.scriptstep.text.++++++++++++++++++++++++++++++++++++++++++++++++</Comment>
</DynamicTemplateString>

<DynamicTemplateString>
	<StringID>com.fmi.scriptstep.text.E9F886B04A084FD7228EF2E0BC9822E7</StringID>
	<SourceText>Activation: <TAB/><TAB/><TAB/>User action, script or trigger</SourceText>
	<TargetText>Activation: <TAB/><TAB/><TAB/>User action, script or trigger</TargetText>
	<Comment>com.fmi.scriptstep.text.Activation: _TAB/__TAB/__TAB/_User action, script or trigger</Comment>
</DynamicTemplateString>

<DynamicTemplateString>
	<StringID>com.fmi.scriptstep.text.F8C692C443F93C94F89751BC18D8150A</StringID>
	<SourceText>Expected Payload Syntax</SourceText>
	<TargetText>Expected Payload Syntax</TargetText>
	<Comment>com.fmi.scriptstep.text.Expected Payload Syntax</Comment>
</DynamicTemplateString>
